,Actual,Actual,Predicted,Predicted,Sharpe_Actual,Sharpe_Predicted
,mean,std,mean,std,,
Decile,,,,,,
0,0.34092589777351046,0.14960710309073785,0.4045689709379322,0.09197611343623517,2.278808229892242,4.398630859939631
1,0.6115570099581875,0.15552003668202388,0.6421367848272024,0.030624310047198792,3.932335813478339,20.96820414362082
2,0.6744053557976315,0.14451514243831212,0.7720296284405163,0.03161291916038755,4.6666760618909455,24.421333079796856
3,0.7625780836073334,0.17981951114334305,0.9112436474589946,0.047256310475568504,4.240797223608536,19.283004497994128
4,1.038300849630148,0.16244536973452084,1.023373873855882,0.050592142869989976,6.391692489155026,20.227921092129158
5,1.3133060769230733,0.15884006170003898,1.3425611704428346,0.1686035889469173,8.268103543067001,7.962826763228172
6,1.7215058568005177,0.27271313333136654,1.6547429576809822,0.11285034550584205,6.312515410501926,14.663162529664735
7,2.057361336660695,0.14418255752924258,1.9463667836862706,0.0895957869740963,14.269141648728409,21.723865032281026
8,2.371980300727438,0.3636150843087676,2.190945913321148,0.06825165766927371,6.523327560066913,32.10099194861743
9,2.900488146193109,0.3485960987406527,2.7274120498772816,0.26834464701016764,8.320483667693033,10.163839973204084
