,OLS,Weighted OLS,Huber,ElasticNet,PCR,PLS,GLM,NN,GBR,RF
Var1,0.40479977703289893,0.3923746368588108,0.44357977986131913,0.03311451574998958,0.639124691055674,0.40362263825707767,0.014002763024416165,0.5442467683184229,0.019651778943518883,0.09779340447696572
Var2,0.024567523325373708,0.07351451123928232,0.04358058100031281,0.0,0.12804583069375164,0.024559846994500645,0.0,-0.01924381218649973,0.1419227319276628,-0.006844928004729023
Var3,0.020366785933214615,0.045975978728085454,0.00040831829693410704,0.0,0.006590673809327097,0.020216815860884862,0.0,-0.004285790822101343,0.17435676418441748,0.08440030164675516
Var4,0.5210973410434189,0.2614121478129081,0.5614734082322294,0.04134942231836902,0.18537913270629758,0.5227347749079067,0.03576973169740927,0.4546228957704983,-0.038585799057589965,0.045183942531568544
Var5,1.2820783152527602,1.254615234633789,1.2420805749694201,0.3528835169322516,0.9784311310581528,1.2823334504638275,0.3384738886493659,1.0517917674696498,0.7093509024685085,0.7035735738815079
Var6,-0.030809047762647257,-0.05922976513542899,-0.02036752311998724,0.0,-0.01960888252376325,-0.03086995972497175,0.0,-0.030529136817527225,-0.023884021830968827,0.010137942822907697
Var7,-0.016095324352451645,-0.032907077621995295,-0.004299816388502187,0.0,0.10286995019760925,-0.01608132585791522,0.0,-0.008358371964300892,-0.04352569848115284,0.005432154743632567
Var8,0.060037060132169584,0.12855924552367914,0.047228229568970104,0.0,-0.01653550016536931,0.059633942482894886,0.0,0.07337255936706066,0.10648892438308155,0.06739068892716849
